"pregion","dollar_per_kw","geo_rsc_mw"
"p1",17756.3237655923,3915.20492827742
"p1",20731.4618909943,990.705215596958
"p1",21650.633456713,3874.35585479308
"p1",22188.7328871935,819.472215370323
"p1",22960.798785932,2456.37738429947
"p1",25062.6163102187,2031.81833022302
"p1",25597.4133773693,3191.74314805225
"p1",25774.6747488849,1789.21315646505
"p1",26462.5645115026,2041.09480766005
"p1",29792.1660866185,1797.58008903003
"p1",29974.7086594416,1342.70716294145
"p1",30676.7487938659,721.624786669389
"p1",31397.4856276848,506.646687767887
"p1",31634.8305508242,4745.29375332062
"p1",33602.7411826441,5434.1445729041
"p1",35311.5605888182,1341.12312967337
"p1",36276.096267792,2012.21651757093
"p1",41264.1789728678,3058.54805986993
"p1",43575.2775875602,3710.24683107545
"p1",52804.3988744404,1605.66124869257
"p1",59579.1238157546,1043.26380459153
"p1",70988.6211709944,271.999503792614
"p10",14100.6878591239,5750.82980728697
"p10",14922.0389200649,6105.81930156394
"p10",15135.6621050405,6531.80669469631
"p10",15841.5176804637,6886.79618897328
"p10",17242.5907850676,5324.8424141546
"p10",17756.3237655923,12211.1071140824
"p10",18872.8887883071,17527.2222452785
"p10",18945.9029233104,29241.5638553577
"p10",19453.8855852265,25501.3638273468
"p10",20176.3926602811,2936.96549964749
"p10",20731.4618909943,5844.92224737416
"p10",21650.633456713,10715.0341874779
"p10",22188.7328871935,3662.5569865174
"p10",22238.2499344693,33298.3590406409
"p10",22501.9342837872,7175.627406568
"p10",22960.798785932,5654.54313882912
"p10",25062.6163102187,5849.34648108284
"p10",25597.4133773693,2850.65792207936
"p10",25774.6747488849,13742.2368030724
"p10",25826.8762096713,4726.56022671839
"p10",26539.3623593754,10103.2866325877
"p10",28200.4061465827,12214.4211528299
"p10",29687.404805842,11309.6492155833
"p10",29974.7086594416,4222.39380253509
"p10",30676.7487938659,7343.97804797461
"p10",31634.8305508242,4726.56022671839
"p10",34220.8807598846,8896.92404959218
"p10",35311.5605888182,21015.4242138175
"p10",39003.902179088,1032.17575185247
"p10",43575.2775875602,3718.2273783518
"p100",39570.6354559266,15.4311729374599
"p100",45635.8770932137,635.448148604946
"p100",46402.1530989227,635.448148604946
"p100",54940.7896622694,271.662105383937
"p100",59579.1238157546,13.5886448255244
"p100",70988.6211709944,1525.68124207245
"p101",28200.4061465827,1161.0610725175
"p101",29792.1660866185,960.383850107072
"p101",29974.7086594416,960.383850107072
"p101",33602.7411826441,2627.24816942463
"p101",34220.8807598846,845.711151586824
"p101",35124.9031535329,4241.43485548306
"p101",39570.6354559266,4898.32312938907
"p101",41264.1789728678,334.128685412578
"p101",45635.8770932137,2302.68549431544
"p101",46402.1530989227,1626.42380132776
"p101",52804.3988744404,3400.86618732624
"p101",54940.7896622694,25476.5296639547
"p101",59579.1238157546,10101.1243950877
"p101",70988.6211709944,15601.7799246857
"p102",54940.7896622694,5726.88781981239
"p102",70988.6211709944,5389.18692506618
"p103",29792.1660866185,473.482361296311
"p103",35124.9031535329,3094.71942378249
"p103",38682.6087325057,2805.86416420466
"p103",39570.6354559266,25168.9984579536
"p103",45635.8770932137,1330.70259084744
"p103",46402.1530989227,4406.24116238796
"p103",52804.3988744404,912.954509561555
"p103",54940.7896622694,25205.9290319114
"p103",59579.1238157546,21117.6905917852
"p103",70988.6211709944,6845.56028579224
"p104",45635.8770932137,794.904507374686
"p104",54940.7896622694,2599.58032587127
"p104",70988.6211709944,885.30774125772
"p105",35124.9031535329,2319.38956072224
"p105",39570.6354559266,23183.2262345275
"p105",46402.1530989227,4467.85631523764
"p105",52804.3988744404,6966.14069233684
"p105",54940.7896622694,7029.38405495774
"p105",59579.1238157546,20322.3526258888
"p106",39570.6354559266,1389.36976995874
"p106",52804.3988744404,1223.47487205322
"p106",59579.1238157546,1223.47487205322
"p107",29792.1660866185,1037.88049065663
"p107",31397.4856276848,1917.53120548518
"p107",33602.7411826441,3224.00173916044
"p107",35124.9031535329,3565.94059291443
"p107",39570.6354559266,10738.0698870597
"p107",41264.1789728678,1823.78298593306
"p107",45635.8770932137,760.848137052725
"p107",46402.1530989227,2410.02324308249
"p107",52804.3988744404,3450.38172632376
"p107",54940.7896622694,6009.09430034813
"p107",59579.1238157546,9047.56817439845
"p107",70988.6211709944,1521.93491939023
"p108",54940.7896622694,550.864452771974
"p108",70988.6211709944,3386.3297437394
"p109",31397.4856276848,311.737543286468
"p109",33602.7411826441,967.658706252058
"p109",35124.9031535329,7375.89315536281
"p109",39570.6354559266,14211.126990706
"p109",45635.8770932137,1931.97283000912
"p109",46402.1530989227,8052.0946336717
"p109",52804.3988744404,8968.22604053354
"p109",54940.7896622694,5264.23850323005
"p109",59579.1238157546,12186.6613796475
"p109",70988.6211709944,1404.02614178881
"p11",22188.7328871935,5258.31107591748
"p11",23410.6607766783,6749.47391834184
"p11",23438.8061887125,5886.169114833
"p11",25826.8762096713,5886.169114833
"p11",30676.7487938659,4630.45303700196
"p110",35124.9031535329,1361.88353247024
"p110",39570.6354559266,2024.46511456943
"p110",41264.1789728678,1714.81222656765
"p110",46402.1530989227,2174.7883384928
"p110",52804.3988744404,350.912062159438
"p110",54940.7896622694,1740.47736446614
"p110",59579.1238157546,2296.54755934007
"p110",70988.6211709944,1209.77534197103
"p111",39570.6354559266,6627.13103803716
"p111",46402.1530989227,2418.87676286723
"p111",54940.7896622694,6068.22921939596
"p111",59579.1238157546,6054.31317150393
"p111",70988.6211709944,434.322868244298
"p112",35124.9031535329,1645.62001022851
"p112",39570.6354559266,4145.51019722615
"p112",45635.8770932137,890.094009617322
"p112",46402.1530989227,2063.68048894632
"p112",52804.3988744404,1449.12806870868
"p112",54940.7896622694,11088.812664365
"p112",59579.1238157546,4869.74839950877
"p112",70988.6211709944,17207.4850699025
"p113",70988.6211709944,5173.37275668397
"p114",39570.6354559266,775.135942299335
"p114",45635.8770932137,1384.88195904014
"p114",54940.7896622694,718.658459202725
"p114",59579.1238157546,1312.72516569067
"p114",70988.6211709944,614.483853638172
"p115",26462.5645115026,2665.45687564091
"p115",28200.4061465827,1668.85193682605
"p115",29792.1660866185,5711.58271115684
"p115",29974.7086594416,4164.66907835548
"p115",31397.4856276848,861.74365085092
"p115",31634.8305508242,3116.70972332019
"p115",33602.7411826441,2146.32304601036
"p115",34220.8807598846,1215.58350953996
"p115",35124.9031535329,1376.49871791687
"p115",36276.096267792,4397.07661385139
"p115",41264.1789728678,3356.566145094
"p115",43575.2775875602,5910.8452519083
"p116",20731.4618909943,1070.69053091834
"p116",21650.633456713,757.106320473058
"p116",22188.7328871935,4127.7541340431
"p116",22501.9342837872,589.838645019708
"p116",23410.6607766783,2163.17395477789
"p116",23438.8061887125,2388.48223487523
"p116",25062.6163102187,5208.72212908697
"p116",25538.4845745045,4730.48840757482
"p116",25597.4133773693,991.380121220685
"p116",25774.6747488849,1370.96432770424
"p116",25826.8762096713,3450.04813541267
"p116",26462.5645115026,2460.58518731028
"p116",26539.3623593754,7751.86486823237
"p116",28200.4061465827,1056.49745324575
"p116",29687.404805842,7387.61098565394
"p116",29792.1660866185,2644.6817291174
"p116",29974.7086594416,2883.75290508264
"p116",30676.7487938659,5109.97012322715
"p116",31397.4856276848,2110.04494790263
"p116",31634.8305508242,6266.64488459523
"p116",33602.7411826441,1900.87760362552
"p116",34220.8807598846,2926.74753443975
"p116",34466.1434073301,1410.92098742966
"p116",35124.9031535329,2622.87228660521
"p116",35311.5605888182,1038.82030018396
"p116",36276.096267792,1593.51223198954
"p116",38682.6087325057,1048.02988008103
"p116",39003.902179088,1746.06788613167
"p116",39570.6354559266,4931.74102335789
"p116",41264.1789728678,1895.84504587473
"p116",43575.2775875602,2243.06172213542
"p116",45635.8770932137,1294.67136452417
"p116",46402.1530989227,3070.1709638177
"p116",52804.3988744404,1564.87892251841
"p116",59579.1238157546,2646.94889595362
"p117",26462.5645115026,1157.47240601515
"p117",26539.3623593754,1034.00868270686
"p117",29792.1660866185,3463.16433048835
"p117",29974.7086594416,2796.00721516215
"p117",31397.4856276848,2618.94945207383
"p117",31634.8305508242,2195.78512497632
"p117",33602.7411826441,4794.58149108577
"p117",34220.8807598846,910.544959398581
"p117",34466.1434073301,1391.92738352191
"p117",35124.9031535329,731.085671406798
"p117",36276.096267792,4768.10366870453
"p117",39570.6354559266,1987.88329737611
"p117",41264.1789728678,1407.84261275189
"p117",43575.2775875602,5319.68725502431
"p117",46402.1530989227,438.916365591296
"p117",52804.3988744404,1444.77497254332
"p117",54940.7896622694,678.596152487131
"p117",59579.1238157546,1311.60773209811
"p118",23438.8061887125,14.8897113538328
"p118",25062.6163102187,13.3014754760906
"p118",26462.5645115026,14.8897113538328
"p118",26539.3623593754,701.276310401459
"p118",29792.1660866185,2958.77084679638
"p118",29974.7086594416,1443.80010189969
"p118",31397.4856276848,1686.81329922958
"p118",31634.8305508242,808.949981487855
"p118",33602.7411826441,1634.03594372873
"p118",34220.8807598846,1271.40605988181
"p118",34466.1434073301,624.660745838764
"p118",35124.9031535329,2449.59618358258
"p118",36276.096267792,2660.32806182123
"p118",38682.6087325057,477.349891353866
"p118",39003.902179088,11.7132395983484
"p118",39570.6354559266,2787.86723330936
"p118",41264.1789728678,1596.59078556958
"p118",43575.2775875602,1951.6205412327
"p118",46402.1530989227,2336.76677652838
"p118",52804.3988744404,2111.52226845955
"p118",54940.7896622694,4554.39532812963
"p118",59579.1238157546,2474.77962445353
"p118",70988.6211709944,2412.26432158689
"p119",35124.9031535329,4489.08870697748
"p119",39570.6354559266,2592.37806617704
"p119",41264.1789728678,1522.20708775101
"p119",46402.1530989227,6235.91850173308
"p119",52804.3988744404,1650.29665486069
"p12",6961.99433464749,10962.457219928
"p12",8769.95197808546,9067.09353308512
"p12",11564.3849607725,16769.89826967
"p12",12619.3324643201,36976.2962099751
"p12",13058.8283635122,8099.93688955604
"p12",13437.3083327597,57033.9761740619
"p12",14100.6878591239,9792.46101573193
"p12",14200.1065063495,28254.6071369887
"p12",14719.8054421238,5112.1428088537
"p12",14922.0389200649,45871.8544832453
"p12",14996.144345048,40175.535012731
"p12",15135.6621050405,111734.1785031
"p12",15385.3536006787,16162.4294834368
"p12",15627.2091989684,49552.2900403684
"p12",15841.5176804637,32907.686269608
"p12",16183.5907020363,29710.978893048
"p12",16216.6565071475,64026.2766698935
"p12",16226.7837256534,45009.3612036046
"p12",16750.1328152943,18496.5439285631
"p12",17221.8214234768,25214.8828052004
"p12",17242.5907850676,12210.5495888906
"p12",17412.080541241,41185.9875244439
"p12",17465.0594027004,16468.3612270353
"p12",17581.9726739368,24788.7358608102
"p12",17756.3237655923,2003.63601590307
"p12",17781.0168917904,54206.5263226271
"p12",18872.8887883071,17617.3166614797
"p12",19453.8855852265,40055.0501064749
"p12",19855.4437353446,17743.4693936684
"p12",20201.2858900121,26239.991986263
"p12",20731.4618909943,1437.13784278211
"p12",21100.7252319733,8302.60698621684
"p12",22501.9342837872,54113.5693196964
"p12",23350.8379933315,62314.8998938825
"p12",26715.8982854867,387.97528857481
"p12",27770.8107807832,15041.5110692035
"p12",27991.2894077498,238.136380754092
"p12",30062.6970147449,14737.5064059113
"p12",30676.7487938659,10862.4998844687
"p12",35311.5605888182,95429.8307983651
"p12",39003.902179088,11298.0617720359
"p120",33602.7411826441,759.263672625156
"p120",35124.9031535329,759.263672625156
"p120",39570.6354559266,1281.86810319859
"p120",46402.1530989227,1128.80922520473
"p121",26462.5645115026,1278.17109234809
"p121",33602.7411826441,744.341123251051
"p121",36276.096267792,1278.17109234809
"p121",39570.6354559266,744.341123251051
"p121",43575.2775875602,1005.49459264717
"p121",70988.6211709944,1699.93361244939
"p122",29792.1660866185,8582.79647070483
"p122",29974.7086594416,1427.28159087369
"p122",31397.4856276848,5652.79563694135
"p122",33602.7411826441,7475.7322974234
"p122",34220.8807598846,1256.85990838131
"p122",34466.1434073301,1845.15879561733
"p122",35124.9031535329,18820.3729944316
"p122",36276.096267792,5718.05170471953
"p122",38682.6087325057,5380.78742686532
"p122",39570.6354559266,8688.59570708025
"p122",41264.1789728678,6058.3937404028
"p122",43575.2775875602,5119.41632745425
"p122",46402.1530989227,12111.5385776687
"p122",52804.3988744404,10476.9010008278
"p122",54940.7896622694,8324.23529928393
"p122",59579.1238157546,2526.49281254375
"p122",70988.6211709944,8593.81682273526
"p123",26462.5645115026,1323.04178381957
"p123",29792.1660866185,2340.05003308452
"p123",31397.4856276848,1883.57061333162
"p123",35124.9031535329,4152.70097469024
"p123",39570.6354559266,4870.44162621312
"p123",46402.1530989227,2037.16435416248
"p123",54940.7896622694,2801.09673985684
"p123",59579.1238157546,4110.29685676509
"p124",26462.5645115026,1084.22302693263
"p124",31397.4856276848,1755.05062106896
"p125",35124.9031535329,985.800917982731
"p125",39570.6354559266,1674.24037243458
"p125",59579.1238157546,1474.33107423344
"p125",70988.6211709944,684.501494149165
"p126",54940.7896622694,4062.88745977109
"p126",59579.1238157546,2007.1226996095
"p126",70988.6211709944,7507.08751611851
"p127",29792.1660866185,851.238124203107
"p127",31397.4856276848,1639.29485621304
"p127",33602.7411826441,3903.57554569188
"p127",35124.9031535329,13873.7612045213
"p127",36276.096267792,1750.09546244432
"p127",38682.6087325057,8421.76993558898
"p127",39570.6354559266,19466.3639600247
"p127",41264.1789728678,2399.99494692457
"p127",43575.2775875602,749.59775116393
"p127",45635.8770932137,3256.85700179707
"p127",46402.1530989227,10741.3138285471
"p127",52804.3988744404,5355.24746960624
"p127",54940.7896622694,19835.4033522213
"p127",59579.1238157546,16194.6650505601
"p127",70988.6211709944,5587.69338814606
"p128",70988.6211709944,2182.43424140156
"p129",35124.9031535329,1084.91006584467
"p129",45635.8770932137,469.26103125136
"p129",46402.1530989227,955.368565445308
"p129",54940.7896622694,3653.12282982609
"p129",70988.6211709944,1965.65553589317
"p13",15135.6621050405,12147.5935654957
"p13",15841.5176804637,12807.7888679683
"p13",16216.6565071475,11355.3592025286
"p13",19855.4437353446,8846.61705313277
"p13",20201.2858900121,9902.92953708892
"p13",27770.8107807832,15580.6091383532
"p130",29792.1660866185,1531.47703620253
"p130",29974.7086594416,4066.90778387162
"p130",31397.4856276848,5815.86646244053
"p130",33602.7411826441,1656.95974459386
"p130",35124.9031535329,4391.24145345174
"p130",36276.096267792,1854.80568424685
"p130",38682.6087325057,1112.93295543842
"p130",39570.6354559266,3828.76922860059
"p130",41264.1789728678,3034.85324263311
"p130",43575.2775875602,1459.11380494086
"p130",46402.1530989227,5718.03596072214
"p130",52804.3988744404,5203.07416970968
"p130",59579.1238157546,1104.34112776658
"p131",33602.7411826441,3966.34148250347
"p131",35124.9031535329,7252.60290232878
"p131",38682.6087325057,900.189808021577
"p131",39570.6354559266,6746.63662120852
"p131",46402.1530989227,2425.8922177036
"p131",52804.3988744404,8185.71174060698
"p131",59579.1238157546,4143.73267946499
"p132",39570.6354559266,8636.79451371447
"p132",59579.1238157546,2591.39908438218
"p133",33602.7411826441,243.865279692389
"p133",38682.6087325057,267.98419022541
"p133",39570.6354559266,1898.00760737903
"p133",52804.3988744404,214.747037341059
"p134",29792.1660866185,14765.4820274494
"p134",31397.4856276848,30766.3694271174
"p134",33602.7411826441,24869.1257752336
"p134",35124.9031535329,23611.4365217947
"p134",36276.096267792,6461.78571652155
"p134",38682.6087325057,1558.25132188624
"p134",41264.1789728678,8186.80398009099
"p134",43575.2775875602,1165.26512718477
"p134",46402.1530989227,13617.9405915215
"p134",52804.3988744404,39264.2171009621
"p14",17465.0594027004,6584.77990659112
"p14",17756.3237655923,11764.6102932429
"p14",18872.8887883071,4130.28124295574
"p14",18945.9029233104,1941.60115144809
"p14",19453.8855852265,2456.22709789337
"p14",19731.6205770786,3549.2185997854
"p14",20731.4618909943,5963.75414517844
"p14",22188.7328871935,9381.39799101212
"p14",22238.2499344693,2456.22709789337
"p14",25597.4133773693,7215.25139699226
"p14",25774.6747488849,2585.23330107825
"p14",30676.7487938659,6322.85503506309
"p14",39003.902179088,1285.37471424694
"p15",12594.4556808885,2201.66304041713
"p15",12881.9841507155,3457.06947179856
"p15",13353.8842752697,2210.50667551036
"p15",13836.4855997893,19395.2212962672
"p15",14100.6878591239,19402.3099141299
"p15",14201.4852296955,5253.38394348367
"p15",14922.0389200649,3639.65208220215
"p15",14960.2364035834,1070.73363598493
"p15",14996.144345048,10916.0252636492
"p15",15135.6621050405,13028.6983622207
"p15",15841.5176804637,27319.1813344407
"p15",16216.6565071475,6268.48959448825
"p15",16226.7837256534,19239.3274982328
"p15",16750.1328152943,5502.05296614938
"p15",17221.8214234768,1115.94637252984
"p15",17242.5907850676,18055.8856050262
"p15",17465.0594027004,5766.82159234528
"p15",17581.9726739368,8648.70797182087
"p15",17756.3237655923,10816.0522124775
"p15",17781.0168917904,7691.01605914006
"p15",18872.8887883071,1108.3086269746
"p15",18945.9029233104,3916.30702869192
"p15",19453.8855852265,6591.83233989901
"p15",19855.4437353446,7960.12061296706
"p15",20201.2858900121,6013.87648339173
"p15",20385.8300308618,28145.2165455113
"p15",20731.4618909943,905.13532783313
"p15",21650.633456713,961.00787893394
"p15",22188.7328871935,3858.21421050109
"p15",22238.2499344693,4628.19830621942
"p15",22501.9342837872,5665.23801006649
"p15",23350.8379933315,3583.20977681891
"p15",23438.8061887125,838.088266512157
"p15",25062.6163102187,748.69218475086
"p15",25597.4133773693,3415.38403664993
"p15",25774.6747488849,1061.58666809318
"p15",27770.8107807832,6123.59530282893
"p15",30676.7487938659,5266.0314416307
"p15",35311.5605888182,15147.5693261924
"p15",39003.902179088,659.296102989563
"p16",10263.2425151154,3994.01106152264
"p16",11220.0359688127,6249.5731234967
"p16",11860.8806680186,1242.97985242387
"p16",12059.9185230693,3994.01106152264
"p16",12594.4556808885,5816.78155194491
"p16",12699.2247687404,6886.1037194084
"p16",12875.0324912057,4147.87684540911
"p16",12881.9841507155,9598.25564975995
"p16",13353.8842752697,4260.37685922044
"p16",14100.6878591239,3373.2033296229
"p16",14200.1065063495,9952.47399915432
"p16",14201.4852296955,12843.6277118362
"p16",14922.0389200649,10661.0141599916
"p16",14996.144345048,14082.1822527628
"p16",15135.6621050405,8024.57151193565
"p16",15627.2091989684,922.632742761468
"p16",15841.5176804637,7494.19472348304
"p16",16216.6565071475,7974.30798542926
"p16",16750.1328152943,5592.59984611812
"p16",17221.8214234768,4339.9813357616
"p16",17242.5907850676,10034.776693508
"p16",17465.0594027004,3571.45943783969
"p16",17581.9726739368,10311.7648516549
"p16",17781.0168917904,5320.05388079971
"p16",17902.0736332769,5817.36393743515
"p16",19453.8855852265,1874.15446879498
"p16",19855.4437353446,10839.0815443666
"p16",20201.2858900121,8137.50134762052
"p16",22501.9342837872,5136.93840927344
"p16",23350.8379933315,15020.7700500688
"p16",27770.8107807832,23806.264676101
"p16",35311.5605888182,1902.99430746747
"p17",15135.6621050405,4342.91329247882
"p17",15841.5176804637,4578.94118880919
"p17",16216.6565071475,17032.2778157885
"p17",16226.7837256534,7516.38522423629
"p17",16750.1328152943,11193.8962320435
"p17",17465.0594027004,20092.1882095819
"p17",17756.3237655923,32732.4969485624
"p17",17781.0168917904,1163.6398124972
"p17",18945.9029233104,8698.47262987898
"p17",19453.8855852265,12195.4928511748
"p17",19731.6205770786,10139.7110002654
"p17",20201.2858900121,4321.37712061582
"p17",20731.4618909943,3970.13790131207
"p17",22188.7328871935,14915.3007757302
"p17",22238.2499344693,7365.11067388369
"p17",22501.9342837872,14755.0705081329
"p17",25062.6163102187,5062.06568732055
"p17",25597.4133773693,6194.68672989891
"p17",25774.6747488849,2476.31521445327
"p17",30676.7487938659,13134.3693398221
"p17",35311.5605888182,7265.43733950379
"p17",39003.902179088,1981.32471915737
"p18",12875.0324912057,2999.23985650661
"p18",15135.6621050405,3208.48914882102
"p18",16216.6565071475,2999.23985650661
"p18",17756.3237655923,7428.90197889636
"p18",18945.9029233104,3945.16851507043
"p18",20731.4618909943,2732.15109873133
"p18",21650.633456713,3142.44581593806
"p18",22188.7328871935,3073.56151755487
"p18",22501.9342837872,2336.61709751096
"p18",23410.6607766783,2900.80240112215
"p18",25062.6163102187,2448.18453102151
"p18",25597.4133773693,6181.05900960043
"p18",25826.8762096713,2740.50507203901
"p18",26462.5645115026,3669.01014603497
"p18",26539.3623593754,7312.26847681969
"p18",27770.8107807832,4115.23608218348
"p18",28200.4061465827,2900.91799969389
"p18",29687.404805842,7202.40019948583
"p18",29792.1660866185,2574.76309331773
"p18",29974.7086594416,2399.5247651789
"p18",30676.7487938659,2706.56909754832
"p18",31397.4856276848,16360.3851376465
"p18",31634.8305508242,11055.3695788143
"p18",33602.7411826441,23817.5310540438
"p18",34220.8807598846,2113.01434545604
"p18",34466.1434073301,1990.08536821171
"p18",36276.096267792,13183.2277138776
"p18",38682.6087325057,8712.36454309388
"p18",39003.902179088,2155.86399000402
"p18",39570.6354559266,16277.9127829192
"p18",41264.1789728678,2267.32869411561
"p18",43575.2775875602,13145.8039257281
"p18",45635.8770932137,2908.99941049457
"p18",46402.1530989227,5752.23092907724
"p18",52804.3988744404,23832.2651454356
"p19",21650.633456713,8020.1370471587
"p19",22188.7328871935,6248.24630418178
"p19",22960.798785932,7553.8500095332
"p19",25597.4133773693,6994.30556438259
"p19",26539.3623593754,5369.82179206238
"p19",28200.4061465827,6491.87410682169
"p19",29687.404805842,6010.99454335341
"p19",30676.7487938659,5502.18704398097
"p19",34220.8807598846,4728.64904077135
"p19",39003.902179088,4728.64904077135
"p2",17465.0594027004,1943.64192796109
"p2",17756.3237655923,21915.3050743188
"p2",18872.8887883071,1521.24982825643
"p2",18945.9029233104,17105.4667115974
"p2",19453.8855852265,8694.66707311892
"p2",20731.4618909943,2692.75579744048
"p2",22188.7328871935,4979.75710702909
"p2",22238.2499344693,12291.3828617702
"p2",22960.798785932,449.083697616779
"p2",25062.6163102187,4692.39712037084
"p2",25538.4845745045,449.083697616779
"p2",25597.4133773693,7230.3225256024
"p2",25774.6747488849,7679.01142930695
"p2",26462.5645115026,2882.2774539626
"p2",28718.0619120455,2267.39159711725
"p2",29792.1660866185,1098.48914441675
"p2",29974.7086594416,2574.83452553993
"p2",30676.7487938659,6375.36899878881
"p2",31397.4856276848,1229.65202733218
"p2",36276.096267792,2882.2774539626
"p2",39003.902179088,975.584128990538
"p2",39570.6354559266,1924.83537656679
"p2",41264.1789728678,967.326261501316
"p2",46402.1530989227,1695.00428682747
"p2",70988.6211709944,4389.77193266133
"p20",21650.633456713,2175.03215516316
"p20",22188.7328871935,1694.50179530153
"p20",23410.6607766783,3756.15574910093
"p20",23438.8061887125,5189.84952891241
"p20",25062.6163102187,12622.2065990951
"p20",25538.4845745045,14077.2413183156
"p20",25597.4133773693,1896.83036787485
"p20",25826.8762096713,6375.09882917697
"p20",26462.5645115026,6892.49413147901
"p20",26539.3623593754,12224.80798621
"p20",28200.4061465827,2769.26704787827
"p20",28718.0619120455,2017.1204422817
"p20",29687.404805842,14396.0676193379
"p20",29792.1660866185,6791.29684957715
"p20",29974.7086594416,8571.80865112061
"p20",30676.7487938659,3207.78637761555
"p20",31397.4856276848,4488.11783430123
"p20",31634.8305508242,9595.30819155292
"p20",34220.8807598846,9263.92226557563
"p20",36276.096267792,4899.38390587066
"p20",38682.6087325057,3530.65269631697
"p20",39003.902179088,6099.8020716928
"p20",41264.1789728678,7384.83470226855
"p20",43575.2775875602,7384.83470226855
"p21",11935.7155269114,3518.09433593085
"p21",12875.0324912057,3735.26065296361
"p21",12881.9841507155,3995.86023340294
"p21",15135.6621050405,3995.86023340294
"p21",15329.6888721892,6514.98951098305
"p21",17242.5907850676,6257.25631288945
"p21",17756.3237655923,3995.86023340294
"p21",18945.9029233104,10879.5233649183
"p21",20201.2858900121,6257.25631288945
"p21",20385.8300308618,11179.6312790292
"p21",20955.0786304784,2562.56254098667
"p21",21650.633456713,3704.53612613837
"p21",22090.9825092712,4922.3749661397
"p21",22238.2499344693,6257.25631288945
"p21",23410.6607766783,18726.6997451191
"p21",23693.3065170073,2562.56254098667
"p21",24870.1429082851,4922.3749661397
"p21",25062.6163102187,2886.09209827059
"p21",25538.4845745045,2836.89212026851
"p21",26462.5645115026,11387.4907529552
"p21",26539.3623593754,16285.6018733074
"p21",27991.2894077498,2562.56254098667
"p21",28200.4061465827,9967.40381263246
"p21",29687.404805842,10542.5066979811
"p21",29792.1660866185,4697.73518087155
"p21",29974.7086594416,8244.64265983179
"p21",31397.4856276848,2960.1273904918
"p21",31634.8305508242,2298.5313940659
"p21",34220.8807598846,11799.5683093608
"p21",39003.902179088,2541.48408653679
"p21",41264.1789728678,2328.63354718688
"p22",34466.1434073301,2847.85918621832
"p22",35124.9031535329,8169.1492317076
"p22",46402.1530989227,7193.72842792161
"p22",52804.3988744404,4345.86924170329
"p23",35124.9031535329,8322.07201501336
"p23",38682.6087325057,9768.0452407819
"p23",39570.6354559266,4503.59069143748
"p23",41264.1789728678,1526.19505295839
"p23",46402.1530989227,1526.19505295839
"p23",52804.3988744404,5802.19672145636
"p24",25062.6163102187,3826.61190243878
"p24",25538.4845745045,5572.48582627402
"p24",26462.5645115026,16627.6905547629
"p24",26539.3623593754,3826.61190243878
"p24",28718.0619120455,4058.97115740947
"p24",29687.404805842,4283.52078631206
"p24",29792.1660866185,8267.76084104998
"p24",31634.8305508242,20242.0498642651
"p24",33602.7411826441,3203.7317339191
"p24",34466.1434073301,16344.5320677919
"p24",35124.9031535329,12604.4482021682
"p24",39003.902179088,3369.70301856549
"p24",39570.6354559266,5148.46746225968
"p24",41264.1789728678,15901.646504591
"p24",43575.2775875602,10101.7621182564
"p24",46402.1530989227,9063.96655104641
"p25",13437.3083327597,26346.9958642674
"p25",13836.4855997893,20980.01522525
"p25",14100.6878591239,10787.7514314436
"p25",14201.4852296955,23748.8665380044
"p25",14922.0389200649,1220.01219071067
"p25",14996.144345048,8801.19720659234
"p25",15135.6621050405,8409.286002523
"p25",15841.5176804637,15680.9565266339
"p25",16216.6565071475,19208.0716296497
"p25",16226.7837256534,10806.4594876751
"p25",16750.1328152943,7460.25521512811
"p25",17412.080541241,14622.8902622035
"p25",17465.0594027004,17440.8370868872
"p25",17581.9726739368,16132.2149065672
"p25",17756.3237655923,16000.803095171
"p25",17781.0168917904,5739.33954510985
"p25",18872.8887883071,2848.91243249646
"p25",18945.9029233104,7234.12697832336
"p25",19453.8855852265,4900.9929416304
"p25",19731.6205770786,12909.3628978083
"p25",19855.4437353446,41439.3535290084
"p25",20201.2858900121,23814.637616622
"p25",20731.4618909943,1298.0439472142
"p25",21100.7252319733,12207.1182343473
"p25",22090.9825092712,13822.362315535
"p25",22188.7328871935,3148.44211779208
"p25",22238.2499344693,4981.84834189039
"p25",22501.9342837872,5288.79444460245
"p25",23350.8379933315,17389.4599547951
"p25",23438.8061887125,6271.17211584702
"p25",25062.6163102187,3293.07361367548
"p25",25538.4845745045,5525.60028867149
"p25",25597.4133773693,3686.27643321882
"p25",25774.6747488849,945.488801057253
"p25",25826.8762096713,6993.54020830714
"p25",26462.5645115026,1809.03278849639
"p25",27770.8107807832,29839.5350524135
"p25",28200.4061465827,7182.19955589572
"p25",28718.0619120455,2601.71416973615
"p25",29687.404805842,9057.23914871809
"p25",29792.1660866185,12830.4314150384
"p25",29974.7086594416,7059.44481283383
"p25",30062.6970147449,945.488801057253
"p25",30676.7487938659,3816.40227979133
"p25",31634.8305508242,20455.7540337486
"p25",34220.8807598846,2331.60789473017
"p25",34466.1434073301,6869.34159207787
"p25",35311.5605888182,7021.50260422014
"p25",39003.902179088,7125.0281303249
"p25",41264.1789728678,4429.09801220965
"p25",43575.2775875602,6216.52602921188
"p26",20731.4618909943,1158.79010884612
"p26",21650.633456713,3089.45827731835
"p26",23410.6607766783,1108.41625260352
"p26",23438.8061887125,1621.34120480211
"p26",25062.6163102187,958.505398675189
"p26",25538.4845745045,3408.4041569943
"p26",25597.4133773693,1072.95380448715
"p26",25826.8762096713,4777.27097979683
"p26",26462.5645115026,11370.2551244987
"p26",26539.3623593754,863.533592144605
"p26",28200.4061465827,960.519574894673
"p26",29687.404805842,966.642080758887
"p26",29974.7086594416,2819.29726566196
"p26",30676.7487938659,844.056992863226
"p26",31634.8305508242,10480.8851477444
"p26",34220.8807598846,2035.88018464131
"p26",39003.902179088,2035.88018464131
"p26",41264.1789728678,3455.77233659507
"p26",43575.2775875602,699.637715046737
"p27",14996.144345048,18778.4114790723
"p27",16216.6565071475,16648.9008989713
"p27",16226.7837256534,16648.9008989713
"p27",17581.9726739368,14519.3903188703
"p27",22501.9342837872,12970.6553515242
"p27",27770.8107807832,22843.840768356
"p28",11860.8806680186,3144.39173869363
"p28",12881.9841507155,7514.71878882171
"p28",13437.3083327597,10617.0742752413
"p28",14100.6878591239,13705.9392121766
"p28",14200.1065063495,3948.77102068502
"p28",14201.4852296955,16558.8931714347
"p28",14922.0389200649,30229.5098611801
"p28",14996.144345048,35301.3809340354
"p28",15135.6621050405,19119.6621088839
"p28",15627.2091989684,6782.31787789829
"p28",16216.6565071475,17999.5041547833
"p28",16226.7837256534,21901.9494695642
"p28",16750.1328152943,13937.3008959632
"p28",17242.5907850676,2742.20209769793
"p28",17465.0594027004,8789.36579207426
"p28",17581.9726739368,15697.2419954506
"p28",18872.8887883071,4580.64306345381
"p28",19453.8855852265,11399.3644747964
"p28",19855.4437353446,40596.7418324421
"p28",20201.2858900121,10776.263579353
"p28",20385.8300308618,4899.4010812203
"p28",20731.4618909943,4032.95747977999
"p28",21650.633456713,8789.36579207426
"p28",22188.7328871935,20904.376911153
"p28",22238.2499344693,3734.21988868518
"p28",22501.9342837872,3335.90310055876
"p28",22960.798785932,25272.4556687073
"p28",23350.8379933315,26242.7678882533
"p28",23410.6607766783,26832.4837964053
"p28",23438.8061887125,23400.4219154697
"p28",25597.4133773693,7665.14458611128
"p28",26539.3623593754,15456.0861154706
"p28",27770.8107807832,45255.9714584358
"p28",29687.404805842,17301.5889352283
"p28",30676.7487938659,24438.2456479104
"p28",31634.8305508242,17301.5889352283
"p28",34220.8807598846,13610.5832957129
"p29",23438.8061887125,20721.2929958563
"p29",28200.4061465827,22378.9964355248
"p29",29687.404805842,20721.2929958563
"p29",34220.8807598846,16300.7504900736
"p3",16750.1328152943,5646.65029888003
"p3",17465.0594027004,16570.6514866571
"p3",17756.3237655923,32758.3389794308
"p3",17781.0168917904,12673.6067817278
"p3",18945.9029233104,1464.53577192828
"p3",19453.8855852265,8054.5534573821
"p3",19731.6205770786,7270.95070330156
"p3",20731.4618909943,8203.19094594683
"p3",22188.7328871935,11349.5367208498
"p3",22501.9342837872,3900.26360850476
"p3",22960.798785932,8367.00431621305
"p3",25062.6163102187,9211.94222973271
"p3",25597.4133773693,12603.9515157046
"p3",25774.6747488849,5551.0511890248
"p3",30676.7487938659,15457.0140260449
"p30",12875.0324912057,1174.69866672534
"p30",12881.9841507155,1256.65438765966
"p30",14100.6878591239,13382.247967463
"p30",14200.1065063495,17842.9972899507
"p30",14201.4852296955,1256.65438765966
"p30",14922.0389200649,14208.3126568126
"p30",14996.144345048,1324.9508217716
"p30",15135.6621050405,15199.5902840321
"p30",17221.8214234768,12390.9703402436
"p30",17242.5907850676,1024.44651167907
"p30",20385.8300308618,22138.5336745685
"p30",27770.8107807832,1611.79584504174
"p31",11564.3849607725,12.9108213058846
"p31",12619.3324643201,12.9108213058846
"p31",12881.9841507155,16879.3831327186
"p31",14100.6878591239,1842.51459649767
"p31",14200.1065063495,5751.20329195035
"p31",14201.4852296955,11037.4790133919
"p31",14719.8054421238,11.5336670332569
"p31",14922.0389200649,14553.6599008228
"p31",14960.2364035834,3161.14115977933
"p31",14996.144345048,44015.9066012399
"p31",15135.6621050405,35608.7395974601
"p31",15385.3536006787,11.5336670332569
"p31",15627.2091989684,17533.6418626273
"p31",16216.6565071475,19187.1739023722
"p31",17221.8214234768,4255.06813462391
"p31",17242.5907850676,17728.6404870338
"p31",17412.080541241,3678.62234414172
"p31",17465.0594027004,12851.0999609473
"p31",17581.9726739368,26134.5738642247
"p31",17756.3237655923,7419.67834456607
"p31",17781.0168917904,6532.54289032448
"p31",18872.8887883071,6328.0099857496
"p31",19453.8855852265,5158.70379273065
"p31",19855.4437353446,6084.67978318854
"p31",19981.3099739419,4065.94702709523
"p31",20176.3926602811,8087.75686803219
"p31",20385.8300308618,13540.9202585755
"p31",20731.4618909943,7617.53844547218
"p31",21650.633456713,3088.4007662835
"p31",22188.7328871935,9293.6638452614
"p31",22238.2499344693,6128.1582856542
"p31",22501.9342837872,15435.1069308099
"p31",23350.8379933315,3599.5650487763
"p31",23410.6607766783,33171.9656558122
"p31",23438.8061887125,3358.43595327116
"p31",23693.3065170073,2118.78657221775
"p31",25062.6163102187,27368.7385580113
"p31",25538.4845745045,6263.02724268436
"p31",25597.4133773693,7053.27633840017
"p31",25826.8762096713,24315.4298874236
"p31",26539.3623593754,16888.6286168772
"p31",27770.8107807832,34733.5599971578
"p31",27991.2894077498,3239.38385528898
"p31",28200.4061465827,8407.52033618383
"p31",29687.404805842,20890.8230407894
"p31",29974.7086594416,8066.56447241334
"p31",30676.7487938659,23279.1141639994
"p31",33602.7411826441,3285.72163373755
"p31",34220.8807598846,8826.02757342091
"p31",35124.9031535329,9498.08749457656
"p31",35311.5605888182,17687.987238489
"p31",39003.902179088,11707.7192314789
"p31",39570.6354559266,5016.56605531286
"p31",41264.1789728678,6123.99629425736
"p31",46402.1530989227,5470.59083267913
"p31",52804.3988744404,2893.396662545
"p31",54940.7896622694,3373.27155923491
"p31",59579.1238157546,4417.57309348446
"p32",29792.1660866185,1392.11663239993
"p32",35124.9031535329,6271.17838845304
"p32",38682.6087325057,3087.24053918604
"p32",45635.8770932137,1875.4372240772
"p32",46402.1530989227,1209.24667883088
"p32",52804.3988744404,4313.13429010538
"p32",54940.7896622694,3239.29761435737
"p33",11320.2711688527,222.403670882953
"p33",11860.8806680186,197.182636040557
"p33",11886.1615641229,222.403670882953
"p33",12594.4556808885,888.504021388353
"p33",12699.2247687404,655.523404746804
"p33",12875.0324912057,787.745833395859
"p33",12881.9841507155,1138.55648456152
"p33",13353.8842752697,311.93053298629
"p33",14100.6878591239,2225.32565428066
"p33",14201.4852296955,2231.67873322983
"p33",14922.0389200649,3568.13773335971
"p33",14960.2364035834,171.96160119816
"p33",14996.144345048,5048.06577840861
"p33",15135.6621050405,2592.77003712302
"p33",15841.5176804637,927.08531606916
"p33",17221.8214234768,241.183401793524
"p33",17242.5907850676,3798.73566868218
"p33",17465.0594027004,4492.91512087903
"p33",17581.9726739368,2009.26325149824
"p33",17756.3237655923,3678.69999361153
"p33",17781.0168917904,886.924639191281
"p33",18872.8887883071,17687.313121297
"p33",18945.9029233104,1361.36771279987
"p33",19453.8855852265,4275.31136560573
"p33",19855.4437353446,733.629022540936
"p33",20176.3926602811,3956.90036973103
"p33",20201.2858900121,104.407974417262
"p33",20385.8300308618,307.238060807379
"p33",20731.4618909943,16487.0004940859
"p33",21650.633456713,11643.8757289094
"p33",22188.7328871935,28260.2205437197
"p33",22238.2499344693,10574.9898946868
"p33",22501.9342837872,9326.40249420014
"p33",22960.798785932,3402.0368129965
"p33",23410.6607766783,20389.7803364434
"p33",23438.8061887125,11487.432426271
"p33",25062.6163102187,6503.93638486612
"p33",25538.4845745045,2591.66728103913
"p33",25597.4133773693,13847.4642801551
"p33",25826.8762096713,12382.8528444239
"p33",26462.5645115026,4591.41251134364
"p33",26539.3623593754,10605.5982283331
"p33",27770.8107807832,20598.3493221342
"p33",29687.404805842,15300.6432269524
"p33",30676.7487938659,18049.4706669389
"p33",31571.9256350001,135.276459609219
"p33",31634.8305508242,4591.41251134364
"p33",34220.8807598846,9916.5238662258
"p33",34466.1434073301,6304.61269063547
"p33",35311.5605888182,11093.1795483001
"p33",39003.902179088,12131.0399368125
"p34",12699.2247687404,456.504856662854
"p34",12881.9841507155,2867.11988481702
"p34",13353.8842752697,1672.97004343094
"p34",14100.6878591239,2567.25634823853
"p34",14201.4852296955,1361.30456192748
"p34",14922.0389200649,2778.40082195456
"p34",14960.2364035834,2383.26075436016
"p34",14996.144345048,10398.6466981687
"p34",15135.6621050405,9862.61785535119
"p34",15841.5176804637,5214.79424086657
"p34",16216.6565071475,5921.3682515305
"p34",16750.1328152943,671.416392522773
"p34",17221.8214234768,1331.50559927755
"p34",17242.5907850676,1045.58361205442
"p34",17465.0594027004,6130.27054092417
"p34",17581.9726739368,5924.61119848185
"p34",17756.3237655923,4633.99976240318
"p34",17781.0168917904,7271.07944900008
"p34",18872.8887883071,11573.5503503049
"p34",18945.9029233104,2140.96850082367
"p34",19453.8855852265,15825.7610146108
"p34",19855.4437353446,5826.60381106672
"p34",20176.3926602811,2583.44532166308
"p34",20201.2858900121,6502.58883361571
"p34",20385.8300308618,1797.06577021991
"p34",20731.4618909943,7265.53744640067
"p34",21650.633456713,13583.2692695571
"p34",22188.7328871935,9762.95120227624
"p34",22238.2499344693,12055.2413845642
"p34",22501.9342837872,12783.016523554
"p34",23410.6607766783,4116.14627454408
"p34",23438.8061887125,10645.7798175666
"p34",25062.6163102187,6475.72207621168
"p34",25597.4133773693,9449.83352022379
"p34",25774.6747488849,3281.18559458531
"p34",25826.8762096713,15806.5437646039
"p34",26462.5645115026,10879.9217742654
"p34",26539.3623593754,6609.23264955867
"p34",27770.8107807832,7784.73996251911
"p34",29687.404805842,3589.66244873031
"p34",29792.1660866185,10164.9661879322
"p34",29974.7086594416,5687.16712865223
"p34",30676.7487938659,14981.7964018853
"p34",31634.8305508242,22258.6152682194
"p34",34220.8807598846,8530.03728339371
"p34",35124.9031535329,5471.82030751436
"p34",35311.5605888182,33516.0839860549
"p34",39003.902179088,4519.69333633975
"p34",41264.1789728678,5237.96154342458
"p34",43575.2775875602,5025.2217815797
"p34",46402.1530989227,4818.46862900518
"p35",18872.8887883071,10513.1736521082
"p35",19453.8855852265,8409.67806661992
"p35",20176.3926602811,1911.62282247108
"p35",20731.4618909943,6110.93740451196
"p35",21650.633456713,10239.0356138925
"p35",22188.7328871935,9609.89788854391
"p35",22238.2499344693,4579.35955102677
"p35",22501.9342837872,4090.89453225058
"p35",23410.6607766783,6059.80908096538
"p35",23438.8061887125,13365.5561319575
"p35",25062.6163102187,7910.18100266112
"p35",25538.4845745045,6105.19405158952
"p35",25597.4133773693,10076.7909931935
"p35",25774.6747488849,8254.23571314369
"p35",25826.8762096713,19469.9724471737
"p35",26462.5645115026,2893.45885445601
"p35",26539.3623593754,7515.44631664704
"p35",27770.8107807832,6279.42891814653
"p35",28718.0619120455,1638.62230073602
"p35",29687.404805842,2082.99445008816
"p35",29792.1660866185,5654.63794123496
"p35",29974.7086594416,4543.32189247193
"p35",30676.7487938659,9549.51202720574
"p35",31634.8305508242,6329.81859093465
"p35",33602.7411826441,4543.32189247193
"p35",34220.8807598846,4979.45729153526
"p35",35311.5605888182,9827.78336475794
"p35",36276.096267792,5085.80808858798
"p35",39003.902179088,2276.18763217206
"p35",43575.2775875602,4000.83569635588
"p36",20176.3926602811,908.414412829562
"p36",20731.4618909943,4094.41757104256
"p36",21650.633456713,11951.6567141632
"p36",22188.7328871935,21898.7972565897
"p36",22238.2499344693,792.221871653688
"p36",22960.798785932,855.599621385983
"p36",23410.6607766783,21855.6746213926
"p36",23438.8061887125,11150.5370886015
"p36",25062.6163102187,6621.05577456492
"p36",25538.4845745045,2175.0312573426
"p36",25597.4133773693,16095.5927559755
"p36",25774.6747488849,1634.00069229771
"p36",25826.8762096713,22834.1383565931
"p36",26462.5645115026,8439.83288792381
"p36",26539.3623593754,8124.21014269359
"p36",27770.8107807832,5964.70707880275
"p36",29687.404805842,4871.78988632051
"p36",29792.1660866185,3368.33406900615
"p36",29974.7086594416,4631.1585869639
"p36",30676.7487938659,22258.2990063834
"p36",31397.4856276848,5345.24598685462
"p36",31634.8305508242,3063.45848770192
"p36",34220.8807598846,5208.53393926027
"p36",35124.9031535329,2683.36248772906
"p36",35311.5605888182,10204.720474577
"p36",36276.096267792,6964.01356507259
"p36",39003.902179088,2806.47977361724
"p36",39570.6354559266,5430.14508257635
"p36",43575.2775875602,4683.34704319395
"p36",46402.1530989227,4850.68572289354
"p36",52804.3988744404,2487.72472623661
"p36",59579.1238157546,3056.17248198818
"p37",23410.6607766783,3684.72520936841
"p37",26462.5645115026,5991.84589553662
"p37",26539.3623593754,6363.57241884643
"p37",28200.4061465827,3865.15207823635
"p37",28718.0619120455,4453.09312433574
"p37",29687.404805842,7295.82170783521
"p37",29792.1660866185,8754.86803136663
"p37",29974.7086594416,8703.84507525012
"p37",31397.4856276848,5427.70484163612
"p37",31634.8305508242,10074.2444556668
"p37",33602.7411826441,2419.94624149057
"p37",34220.8807598846,7807.3763078903
"p37",35124.9031535329,12546.0623034016
"p37",36276.096267792,6221.38089136072
"p37",39003.902179088,6287.33686740542
"p37",39570.6354559266,12643.8619911303
"p37",41264.1789728678,5613.63334022143
"p37",43575.2775875602,5902.00640358016
"p37",46402.1530989227,11624.1032655925
"p37",52804.3988744404,7047.24711256154
"p37",54940.7896622694,9609.85429466086
"p37",59579.1238157546,9329.54780461801
"p37",70988.6211709944,1313.91974828017
"p38",18872.8887883071,3845.99397252377
"p38",20176.3926602811,2911.6777391159
"p38",20731.4618909943,3386.14686711332
"p38",21650.633456713,7408.90253497608
"p38",22188.7328871935,8429.67074002039
"p38",22501.9342837872,2800.88691477275
"p38",22960.798785932,2135.00985895666
"p38",23410.6607766783,2430.24285555693
"p38",23438.8061887125,6603.78906936802
"p38",25062.6163102187,8724.89718470237
"p38",25538.4845745045,4810.8516823968
"p38",25597.4133773693,7651.43599602073
"p38",25826.8762096713,6443.41427495506
"p38",26462.5645115026,16142.2743440236
"p38",26539.3623593754,8399.2466529827
"p38",28200.4061465827,2447.38687877604
"p38",29687.404805842,7154.12093518075
"p38",29792.1660866185,17776.4036525506
"p38",29974.7086594416,9417.18153306167
"p38",30676.7487938659,4956.6902341733
"p38",31397.4856276848,13988.5651968762
"p38",31634.8305508242,16725.4241751505
"p38",33602.7411826441,18890.7529798189
"p38",34220.8807598846,9036.82948087669
"p38",34466.1434073301,3729.61416071485
"p38",35124.9031535329,24855.8375218641
"p38",35311.5605888182,4932.90531258483
"p38",36276.096267792,13238.1169362324
"p38",38682.6087325057,713.668704150729
"p38",39003.902179088,11187.3190245453
"p38",39570.6354559266,18733.3814441137
"p38",41264.1789728678,16589.4116211657
"p38",43575.2775875602,10448.9943889344
"p38",45635.8770932137,2784.34699522297
"p38",46402.1530989227,21147.692456634
"p38",52804.3988744404,30691.9585875851
"p38",54940.7896622694,5223.95025902169
"p38",59579.1238157546,10678.2655910458
"p39",22188.7328871935,2562.89792210052
"p39",23410.6607766783,3289.68987015887
"p39",23438.8061887125,4621.05276907734
"p39",25062.6163102187,4128.14047370909
"p39",25538.4845745045,8284.56542592841
"p39",25597.4133773693,2868.91558444088
"p39",25774.6747488849,1117.87282528413
"p39",25826.8762096713,1844.44956212514
"p39",26462.5645115026,6885.6427762657
"p39",26539.3623593754,7111.80570190253
"p39",28718.0619120455,3203.18613399462
"p39",29687.404805842,14461.197878108
"p39",29792.1660866185,10483.3787372088
"p39",29974.7086594416,5510.3791758131
"p39",30676.7487938659,1139.00743447603
"p39",31397.4856276848,3871.23063740569
"p39",31634.8305508242,11114.6486405611
"p39",33602.7411826441,1599.35413739482
"p39",34220.8807598846,5165.69384203295
"p39",34466.1434073301,1096.95003379207
"p39",35124.9031535329,1599.35413739482
"p39",35311.5605888182,2278.01486895205
"p39",36276.096267792,9400.72689329396
"p39",39003.902179088,4011.35300551449
"p39",41264.1789728678,10779.7166747834
"p39",43575.2775875602,4435.54305577919
"p4",17465.0594027004,5532.64010933019
"p4",17756.3237655923,10210.5509224519
"p4",18945.9029233104,4012.00531817922
"p4",22188.7328871935,4310.31264331538
"p4",22238.2499344693,4824.97683953214
"p4",25062.6163102187,3125.63205020939
"p4",25597.4133773693,3498.84184724932
"p4",30676.7487938659,6548.07070026808
"p40",22188.7328871935,1342.80620977485
"p40",23410.6607766783,2934.31320932448
"p40",23438.8061887125,1055.85279830055
"p40",25062.6163102187,943.228499815155
"p40",25538.4845745045,5060.06287257425
"p40",25597.4133773693,1503.14127959871
"p40",25826.8762096713,2558.99407789926
"p40",26462.5645115026,17663.6134851109
"p40",26539.3623593754,4185.484104475
"p40",29792.1660866185,9263.68699904948
"p40",29974.7086594416,13714.8989906451
"p40",31397.4856276848,11683.269953372
"p40",31634.8305508242,15352.4988701252
"p40",33602.7411826441,12186.2105392626
"p40",34220.8807598846,14795.5403342116
"p40",35124.9031535329,41321.9397827638
"p40",36276.096267792,4754.18402398095
"p40",38682.6087325057,10615.4899004422
"p40",39003.902179088,4516.32900974804
"p40",39570.6354559266,10726.6683270729
"p40",41264.1789728678,11685.9764092651
"p40",43575.2775875602,5841.88413138267
"p40",46402.1530989227,20573.5419448199
"p40",52804.3988744404,31309.1699375243
"p40",59579.1238157546,8357.42615443064
"p41",29792.1660866185,653.323766584241
"p41",29974.7086594416,1403.98057339324
"p41",31397.4856276848,2836.39329920974
"p41",33602.7411826441,1783.18787381837
"p41",35124.9031535329,8502.02679211542
"p41",36276.096267792,731.332574534598
"p41",38682.6087325057,2138.27306452703
"p41",39570.6354559266,421.814417221866
"p41",41264.1789728678,1570.26991873558
"p41",46402.1530989227,6009.61249273477
"p41",52804.3988744404,4764.80536464182
"p41",59579.1238157546,371.448516658061
"p42",54940.7896622694,1598.93627855318
"p42",70988.6211709944,22139.5164174684
"p43",39570.6354559266,9982.3716961282
"p43",45635.8770932137,1142.61343429715
"p43",46402.1530989227,789.454555811115
"p43",54940.7896622694,9870.12057693119
"p43",59579.1238157546,7901.11030260707
"p43",70988.6211709944,40793.7479891399
"p44",39570.6354559266,2592.36053801214
"p44",46402.1530989227,2688.86067702365
"p44",54940.7896622694,6492.47999322614
"p44",59579.1238157546,1899.72166081219
"p44",70988.6211709944,2850.62553405059
"p45",35124.9031535329,1515.89374786741
"p45",39570.6354559266,11534.4273738643
"p45",45635.8770932137,1464.54565314035
"p45",46402.1530989227,3718.70810717044
"p45",54940.7896622694,10302.5573184389
"p45",59579.1238157546,8069.17120338658
"p45",70988.6211709944,5929.10185416996
"p46",39570.6354559266,22120.1914097694
"p46",54940.7896622694,8666.26554387346
"p46",59579.1238157546,20204.7961727428
"p47",33602.7411826441,6617.5815199202
"p47",35124.9031535329,6617.5815199202
"p47",45635.8770932137,2440.71028631298
"p47",54940.7896622694,5594.58623619153
"p47",70988.6211709944,10127.6504026018
"p48",29792.1660866185,1616.42718133008
"p48",29974.7086594416,1616.42718133008
"p48",31397.4856276848,1809.43341193665
"p48",33602.7411826441,3196.71758796731
"p48",35124.9031535329,1592.09720244111
"p48",39570.6354559266,9528.76983262254
"p48",41264.1789728678,1401.99604394068
"p48",45635.8770932137,5753.84061556339
"p48",46402.1530989227,1393.90084718087
"p48",52804.3988744404,4212.80386229316
"p48",54940.7896622694,33170.9516003548
"p48",59579.1238157546,8394.83430500409
"p48",70988.6211709944,2829.55465128836
"p49",35124.9031535329,3154.72871356597
"p49",54940.7896622694,5913.29783263484
"p49",59579.1238157546,2778.04468806555
"p5",13353.8842752697,2896.74525006416
"p5",14100.6878591239,2418.93160056904
"p5",14922.0389200649,6374.84001158069
"p5",14996.144345048,2896.74525006416
"p5",15135.6621050405,6899.5702217926
"p5",15627.2091989684,3585.27817778022
"p5",15841.5176804637,4293.48127462569
"p5",16216.6565071475,2643.0066052617
"p5",16226.7837256534,7993.41979015996
"p5",16750.1328152943,7787.08163536357
"p5",17242.5907850676,2239.75148200837
"p5",17412.080541241,2000.84465726081
"p5",17465.0594027004,7107.17908033745
"p5",17756.3237655923,22271.0264296508
"p5",17781.0168917904,7556.98196437854
"p5",18872.8887883071,8422.19929945895
"p5",18945.9029233104,11470.206977445
"p5",19453.8855852265,15343.9141184626
"p5",19855.4437353446,8344.30633988949
"p5",20201.2858900121,5586.16135552197
"p5",20731.4618909943,1522.71620364117
"p5",21100.7252319733,1761.93783251325
"p5",22090.9825092712,1761.93783251325
"p5",22188.7328871935,6956.03449585271
"p5",22238.2499344693,15259.021725019
"p5",22501.9342837872,3205.43564670375
"p5",22960.798785932,4487.94689522183
"p5",23410.6607766783,2093.94346286515
"p5",23438.8061887125,12026.6043913131
"p5",23693.3065170073,2692.30282330643
"p5",25062.6163102187,10555.2823878127
"p5",25538.4845745045,4580.46653707911
"p5",25597.4133773693,3944.51660637473
"p5",25774.6747488849,1747.32589384092
"p5",26462.5645115026,3239.74310309946
"p5",27770.8107807832,3523.8756650265
"p5",28200.4061465827,3696.21235064103
"p5",29687.404805842,6867.13936915522
"p5",29974.7086594416,551.345165881321
"p5",30676.7487938659,10735.5388340971
"p5",31634.8305508242,617.177424494015
"p5",35311.5605888182,8849.44876273398
"p5",39003.902179088,11843.3719564966
"p5",43575.2775875602,485.512907268625
"p5",70988.6211709944,4704.40378483113
"p50",26462.5645115026,4410.31620904513
"p50",26539.3623593754,2738.59435445144
"p50",28200.4061465827,3310.83795090398
"p50",29792.1660866185,19697.1185535227
"p50",29974.7086594416,3939.88248008032
"p50",31397.4856276848,14201.0747821764
"p50",31634.8305508242,2379.73863381291
"p50",33602.7411826441,14962.9382580665
"p50",34220.8807598846,1241.63979026123
"p50",34466.1434073301,4608.17055330718
"p50",35124.9031535329,36466.0553428515
"p50",36276.096267792,6803.15584828384
"p50",38682.6087325057,4228.15354751327
"p50",39003.902179088,2227.80896085427
"p50",39570.6354559266,20094.2898687725
"p50",41264.1789728678,17756.5871290866
"p50",43575.2775875602,9411.96067684686
"p50",46402.1530989227,23029.1975767861
"p50",52804.3988744404,16974.4970363593
"p50",54940.7896622694,5880.72454963482
"p50",59579.1238157546,6311.46320739098
"p50",70988.6211709944,625.890441980112
"p51",33602.7411826441,1163.01834127823
"p51",35124.9031535329,6707.79415921838
"p51",38682.6087325057,1438.42974031145
"p51",39570.6354559266,2174.98232745743
"p51",46402.1530989227,891.859643636858
"p51",52804.3988744404,2199.29122226021
"p51",54940.7896622694,6561.37948042534
"p51",59579.1238157546,6007.85776559927
"p51",70988.6211709944,2995.70263883053
"p52",29792.1660866185,1179.75413525719
"p52",31397.4856276848,4024.93724063648
"p52",33602.7411826441,8258.28560658848
"p52",35124.9031535329,9660.03168076081
"p52",38682.6087325057,1097.55965003152
"p52",39570.6354559266,17267.7288650863
"p52",41264.1789728678,1105.66854384251
"p52",46402.1530989227,5191.72557357478
"p52",52804.3988744404,10630.2178926363
"p52",54940.7896622694,4200.33026063411
"p52",59579.1238157546,12138.4689999617
"p53",35124.9031535329,22068.2188783669
"p53",39570.6354559266,44280.307034937
"p53",45635.8770932137,3541.36366628312
"p53",46402.1530989227,25742.2679103186
"p53",52804.3988744404,2809.48435451624
"p53",54940.7896622694,30666.3816341572
"p53",59579.1238157546,58657.9728924713
"p53",70988.6211709944,531.443328315466
"p54",39570.6354559266,28383.9915064433
"p54",46402.1530989227,1774.98004253345
"p54",52804.3988744404,11570.1887840296
"p54",59579.1238157546,22425.9912157476
"p55",33602.7411826441,827.67889942373
"p55",35124.9031535329,9810.63553135595
"p55",39570.6354559266,10585.3413963986
"p55",46402.1530989227,9748.39139185403
"p55",52804.3988744404,10940.4722764475
"p55",54940.7896622694,1928.4828484386
"p55",59579.1238157546,5575.61159410583
"p56",25062.6163102187,1018.25766541663
"p56",25538.4845745045,1231.02792386189
"p56",26462.5645115026,1139.84067024249
"p56",29792.1660866185,4775.76268709763
"p56",29974.7086594416,4018.94232117925
"p56",31397.4856276848,4292.69397909987
"p56",31634.8305508242,1634.69121019122
"p56",33602.7411826441,3247.63772850161
"p56",34220.8807598846,1285.95708535043
"p56",35124.9031535329,6989.52209871151
"p56",36276.096267792,1987.0276470168
"p56",39003.902179088,896.67466059076
"p56",39570.6354559266,631.763633132111
"p56",41264.1789728678,3790.6632136441
"p56",43575.2775875602,1356.43686524651
"p56",46402.1530989227,6038.47984633507
"p56",52804.3988744404,4675.48662400319
"p56",54940.7896622694,4614.3454340928
"p56",59579.1238157546,1335.61380838667
"p57",14100.6878591239,4654.44943341703
"p57",18945.9029233104,6768.03863240136
"p57",19453.8855852265,4928.97662441911
"p57",20176.3926602811,1924.59795696601
"p57",20731.4618909943,1812.70272690984
"p57",21650.633456713,8275.6021669067
"p57",22188.7328871935,1507.31097458313
"p57",22238.2499344693,1592.68387113098
"p57",22501.9342837872,7541.31542930195
"p57",23410.6607766783,427.193835855097
"p57",23438.8061887125,1657.86430244568
"p57",25538.4845745045,1790.49344664133
"p57",25597.4133773693,7675.39225653862
"p57",25826.8762096713,3345.15270682978
"p57",30676.7487938659,650.026698112794
"p57",35311.5605888182,14581.7731075335
"p57",39003.902179088,1304.1865845906
"p58",18872.8887883071,4648.25207866872
"p58",18945.9029233104,2211.93881097502
"p58",19453.8855852265,8845.98276900568
"p58",19855.4437353446,4123.67228174212
"p58",20176.3926602811,2083.81399552101
"p58",20201.2858900121,1929.01640492007
"p58",20731.4618909943,10689.3010960433
"p58",21650.633456713,10371.3580735919
"p58",22188.7328871935,6176.59191754765
"p58",22238.2499344693,11959.1068196907
"p58",22501.9342837872,5501.9936469649
"p58",22960.798785932,3050.87815315405
"p58",23350.8379933315,3034.98581040758
"p58",23410.6607766783,3483.21787285301
"p58",23438.8061887125,3157.56724486801
"p58",25062.6163102187,4717.94084877228
"p58",25538.4845745045,2044.18540089838
"p58",25597.4133773693,4465.18479954881
"p58",25826.8762096713,3802.75118815176
"p58",26462.5645115026,6465.1738640702
"p58",26539.3623593754,4200.37268030976
"p58",27770.8107807832,5456.17531764604
"p58",29687.404805842,5268.63068002157
"p58",29792.1660866185,7725.65875888631
"p58",29974.7086594416,6484.39899442481
"p58",30676.7487938659,9152.38710328704
"p58",31397.4856276848,10090.2918947721
"p58",31634.8305508242,7044.51455856062
"p58",33602.7411826441,8060.76427611065
"p58",34220.8807598846,2296.15678063002
"p58",34466.1434073301,2183.25699035711
"p58",35124.9031535329,15236.7598391719
"p58",35311.5605888182,13951.1020742697
"p58",36276.096267792,2126.59002111806
"p58",39003.902179088,1535.17692445863
"p58",39570.6354559266,16025.2399830993
"p58",41264.1789728678,10173.9022444154
"p58",43575.2775875602,8153.54615521425
"p58",46402.1530989227,12477.5861396367
"p58",52804.3988744404,12802.1413840262
"p58",59579.1238157546,7958.99265620424
"p59",15135.6621050405,1943.80794513671
"p59",15627.2091989684,1711.39612560949
"p59",16750.1328152943,2049.44968128544
"p59",17781.0168917904,1711.39612560949
"p59",19855.4437353446,1415.59926439304
"p59",35311.5605888182,2493.14497311013
"p6",12875.0324912057,4763.15390531756
"p6",12881.9841507155,5095.46696847925
"p6",13353.8842752697,5372.39452111399
"p6",15841.5176804637,5372.39452111399
"p6",16183.5907020363,3710.82920530554
"p6",17242.5907850676,4153.91328952113
"p6",19981.3099739419,3267.74512108995
"p6",22188.7328871935,4146.35368965793
"p6",22960.798785932,5012.75595316854
"p6",23438.8061887125,7649.49639977582
"p6",25062.6163102187,2687.19642747514
"p6",25538.4845745045,3248.70015858934
"p6",27770.8107807832,6535.4902421799
"p6",28200.4061465827,5012.75595316854
"p6",29687.404805842,3008.05570239754
"p6",39003.902179088,3651.26668193758
"p6",39570.6354559266,2191.66784337466
"p6",59579.1238157546,1929.97616058366
"p6",70988.6211709944,3724.64234213605
"p60",29792.1660866185,1485.00501794336
"p60",31397.4856276848,1375.8791680191
"p60",33602.7411826441,7264.58408949243
"p60",34466.1434073301,4949.03761025175
"p60",35124.9031535329,10344.3754057131
"p60",39570.6354559266,1581.16263542278
"p60",41264.1789728678,2468.23075052322
"p60",46402.1530989227,6668.43076452149
"p60",52804.3988744404,5547.03925756509
"p60",54940.7896622694,20960.7523319593
"p60",59579.1238157546,5527.24186976243
"p61",19731.6205770786,9493.24917653254
"p61",20731.4618909943,9493.24917653254
"p61",21650.633456713,10079.252212121
"p61",22188.7328871935,7852.44067688494
"p61",22501.9342837872,7852.44067688494
"p61",23410.6607766783,5044.0117881508
"p61",23438.8061887125,7492.31997873695
"p61",25538.4845745045,8091.70557703591
"p61",25826.8762096713,11891.1674684034
"p61",26539.3623593754,10405.32765121
"p61",28200.4061465827,7828.81993127988
"p61",29687.404805842,7248.90734377766
"p61",29792.1660866185,13993.63569676
"p61",29974.7086594416,8565.06057817124
"p61",31397.4856276848,8907.41240717807
"p61",31634.8305508242,9587.7543785499
"p61",33602.7411826441,8995.01213716204
"p61",34220.8807598846,15056.8588522491
"p61",34466.1434073301,4780.38704472739
"p61",35124.9031535329,8974.29245771461
"p61",38682.6087325057,4297.04623930064
"p61",39570.6354559266,12917.8069057628
"p61",41264.1789728678,4315.29192717225
"p61",43575.2775875602,7542.36677779259
"p61",45635.8770932137,4038.32105623925
"p61",52804.3988744404,3605.68891003013
"p61",54940.7896622694,8131.18442307039
"p61",59579.1238157546,1999.6619588573
"p61",70988.6211709944,6494.21720546309
"p62",54940.7896622694,14012.0165418055
"p62",59579.1238157546,4158.53659242144
"p62",70988.6211709944,2319.40976521257
"p63",19453.8855852265,1819.89300707433
"p63",20176.3926602811,2086.8106481119
"p63",20731.4618909943,7913.12205092055
"p63",21650.633456713,6599.0858874595
"p63",22188.7328871935,16341.293854139
"p63",22238.2499344693,13492.7392762331
"p63",22501.9342837872,4924.86976515185
"p63",23410.6607766783,11192.8700084685
"p63",23438.8061887125,10791.027872543
"p63",25062.6163102187,11848.319427395
"p63",25538.4845745045,15204.7459583013
"p63",25597.4133773693,4408.11226861673
"p63",25826.8762096713,13984.8151648948
"p63",26462.5645115026,13593.4831523808
"p63",26539.3623593754,7152.39080027359
"p63",28200.4061465827,6053.58245350758
"p63",29687.404805842,8809.63869713095
"p63",29792.1660866185,5113.45539597292
"p63",29974.7086594416,15278.274601367
"p63",30676.7487938659,16480.5296795227
"p63",31397.4856276848,8631.42603194696
"p63",31634.8305508242,8110.48730640311
"p63",33602.7411826441,9920.84846840769
"p63",34220.8807598846,6483.86565297754
"p63",34466.1434073301,953.716435901027
"p63",35124.9031535329,6222.29455914143
"p63",35311.5605888182,20678.0801458961
"p63",36276.096267792,3491.10277117458
"p63",38682.6087325057,5497.56766549147
"p63",39003.902179088,9669.89347785844
"p63",39570.6354559266,13644.574774558
"p63",41264.1789728678,3936.59258568045
"p63",43575.2775875602,9584.1180109947
"p63",45635.8770932137,1345.3565948632
"p63",46402.1530989227,10192.9167472024
"p63",52804.3988744404,12951.8962707249
"p63",54940.7896622694,11759.7445566971
"p63",59579.1238157546,5072.91921400364
"p63",70988.6211709944,5409.28985269856
"p64",18945.9029233104,3816.22540885188
"p64",19453.8855852265,2705.51376652914
"p64",20176.3926602811,2028.96863818722
"p64",20201.2858900121,1769.44939376793
"p64",20731.4618909943,5916.09222698822
"p64",21650.633456713,6541.57470257126
"p64",22188.7328871935,5917.61159516384
"p64",22238.2499344693,6337.95106690153
"p64",22501.9342837872,4896.67242984531
"p64",23410.6607766783,7658.60356964929
"p64",23438.8061887125,3165.11272159728
"p64",25062.6163102187,5489.42711935591
"p64",25597.4133773693,6516.60591778341
"p64",25826.8762096713,5347.35906659174
"p64",26462.5645115026,1224.36664191008
"p64",26539.3623593754,1093.76753343968
"p64",27770.8107807832,5236.21625865723
"p64",29687.404805842,1866.34391232195
"p64",30676.7487938659,6821.95449979293
"p64",31397.4856276848,5707.97667451837
"p64",31634.8305508242,3090.71055423204
"p64",33602.7411826441,6958.89462682632
"p64",35311.5605888182,11169.5111254044
"p64",36276.096267792,2081.83074357079
"p64",39003.902179088,2431.3589693292
"p64",39570.6354559266,4153.0714407107
"p64",41264.1789728678,6127.98183556347
"p64",43575.2775875602,1637.70685160902
"p64",45635.8770932137,1913.52282659095
"p64",46402.1530989227,1727.3039408271
"p64",52804.3988744404,4006.98715916295
"p64",54940.7896622694,16853.3857723829
"p64",59579.1238157546,4590.4071159766
"p65",17465.0594027004,6366.12246351906
"p65",17756.3237655923,2525.21133632199
"p65",17781.0168917904,2223.28389393566
"p65",18872.8887883071,6214.37974887849
"p65",18945.9029233104,13717.2762765723
"p65",19453.8855852265,9246.51707856466
"p65",19855.4437353446,1839.0126036258
"p65",20176.3926602811,9404.42801871133
"p65",20201.2858900121,12125.2566818925
"p65",20731.4618909943,11957.091957017
"p65",21650.633456713,25956.5260949113
"p65",22188.7328871935,9462.70377198366
"p65",22238.2499344693,17664.9351105404
"p65",22501.9342837872,19014.2943020497
"p65",22960.798785932,5393.54961146432
"p65",23410.6607766783,6785.35999033906
"p65",23438.8061887125,17271.0515603736
"p65",25062.6163102187,18495.1807358469
"p65",25538.4845745045,11682.1215548064
"p65",25597.4133773693,12618.6588583799
"p65",25774.6747488849,5838.92300119665
"p65",25826.8762096713,7950.93437667502
"p65",26462.5645115026,4235.84143906973
"p65",26539.3623593754,6625.98716021502
"p65",27770.8107807832,26275.4402679608
"p65",28200.4061465827,2807.14186828317
"p65",28718.0619120455,2091.90575661618
"p65",29687.404805842,13904.9574429658
"p65",29792.1660866185,6041.26869283106
"p65",29974.7086594416,8385.78965754006
"p65",30676.7487938659,6343.05329123697
"p65",31397.4856276848,2208.50170006913
"p65",33602.7411826441,4218.66646187683
"p65",34220.8807598846,7609.34457902784
"p65",35124.9031535329,2707.55640987483
"p65",35311.5605888182,19476.9590236573
"p65",36276.096267792,11652.076599131
"p65",39003.902179088,10200.8099620867
"p65",41264.1789728678,3728.22303767387
"p65",43575.2775875602,4843.2903825616
"p65",45635.8770932137,1775.10046029054
"p65",46402.1530989227,4159.36655256838
"p65",54940.7896622694,2042.10592937658
"p65",59579.1238157546,2042.10592937658
"p66",18945.9029233104,1259.34440534282
"p66",19453.8855852265,320.031198681225
"p66",19855.4437353446,285.894537488561
"p66",20176.3926602811,1259.34440534282
"p66",20731.4618909943,1017.25187778586
"p66",21650.633456713,366.969107821138
"p66",22188.7328871935,5355.50153568116
"p66",22238.2499344693,1418.29666845694
"p66",22501.9342837872,1536.65318108704
"p66",23410.6607766783,2690.95328630913
"p66",23438.8061887125,6057.06329920143
"p66",25062.6163102187,6974.49079200387
"p66",25538.4845745045,7029.60092667025
"p66",25597.4133773693,4093.71768037545
"p66",25826.8762096713,5680.59887745158
"p66",26462.5645115026,3809.28394887803
"p66",26539.3623593754,5683.80449392776
"p66",27770.8107807832,503.515752591794
"p66",28200.4061465827,4156.17848708518
"p66",29687.404805842,6401.49718217303
"p66",29974.7086594416,1000.23801616779
"p66",30676.7487938659,8201.07777216451
"p66",31634.8305508242,3809.28394887803
"p66",33602.7411826441,3212.95163582558
"p66",34220.8807598846,4365.34643372993
"p66",35311.5605888182,8216.93197874684
"p66",36276.096267792,3596.58765204356
"p66",39003.902179088,2553.34866689022
"p66",43575.2775875602,1460.60589232839
"p67",21650.633456713,3933.10048131182
"p67",23410.6607766783,965.912005486017
"p67",25062.6163102187,1537.35195897439
"p67",26462.5645115026,3430.02948951612
"p67",26539.3623593754,6929.59538254589
"p67",28718.0619120455,2698.28986508601
"p67",29687.404805842,1720.91637198626
"p67",29792.1660866185,3080.59658775372
"p67",29974.7086594416,752.512841483292
"p67",31634.8305508242,4326.9802670651
"p67",39003.902179088,4052.07741104854
"p67",43575.2775875602,2712.76415936522
"p68",39570.6354559266,3712.28810418263
"p68",54940.7896622694,1762.06394571554
"p68",59579.1238157546,659.662751634073
"p68",70988.6211709944,7794.40006045543
"p69",35124.9031535329,4623.93974028715
"p69",39570.6354559266,8350.39271739251
"p69",46402.1530989227,5071.36543185249
"p69",52804.3988744404,3197.51023789891
"p69",59579.1238157546,6353.7930010296
"p7",13437.3083327597,14483.8089379936
"p7",14922.0389200649,27855.6959163383
"p7",14996.144345048,18410.027590312
"p7",15135.6621050405,27979.8779789125
"p7",16226.7837256534,16322.2925027508
"p7",17242.5907850676,24292.7580665741
"p7",17412.080541241,20376.6502672515
"p7",17581.9726739368,37044.2405501727
"p7",17756.3237655923,19448.3360031164
"p7",17781.0168917904,13771.6010822865
"p7",18671.3911359139,7912.45117908908
"p7",18945.9029233104,3558.26634925629
"p7",22188.7328871935,2772.13773721129
"p7",22238.2499344693,3103.13925807234
"p7",22501.9342837872,11391.3243520148
"p7",23350.8379933315,15824.9023581782
"p7",25774.6747488849,2441.13621635024
"p7",35311.5605888182,22395.7036665651
"p70",25538.4845745045,1288.21633434886
"p70",28200.4061465827,1350.01644291175
"p70",29792.1660866185,852.264299892952
"p70",29974.7086594416,8255.85085264412
"p70",31397.4856276848,18185.1183279079
"p70",33602.7411826441,17932.4971624173
"p70",34466.1434073301,621.982823152166
"p70",35124.9031535329,6090.48000905954
"p70",36276.096267792,1378.17225205292
"p70",38682.6087325057,769.659446420192
"p70",39570.6354559266,15874.727476117
"p70",41264.1789728678,9743.37674726984
"p70",43575.2775875602,10543.905127253
"p70",46402.1530989227,4628.35285827346
"p70",52804.3988744404,3937.98125527125
"p70",54940.7896622694,4376.3107872695
"p70",59579.1238157546,14899.1129505584
"p71",31397.4856276848,6567.76201382426
"p71",33602.7411826441,6969.5727157945
"p71",35124.9031535329,4024.28358662514
"p71",46402.1530989227,2102.1536548384
"p71",52804.3988744404,7568.43629480787
"p72",33602.7411826441,5562.0536856721
"p72",35124.9031535329,13015.2219667233
"p72",39570.6354559266,13428.3866973777
"p72",46402.1530989227,8792.52505059455
"p72",52804.3988744404,17949.9361518911
"p72",59579.1238157546,9595.70993041003
"p73",35124.9031535329,4127.26110623681
"p73",39570.6354559266,2083.97861291567
"p73",46402.1530989227,4106.83724170396
"p73",52804.3988744404,4106.83724170396
"p73",59579.1238157546,1362.76191396762
"p74",39570.6354559266,5032.22756376914
"p74",54940.7896622694,6435.06838782435
"p74",59579.1238157546,5623.28604749348
"p74",70988.6211709944,1845.42135829954
"p75",39570.6354559266,18943.9126394451
"p75",59579.1238157546,16681.9529213024
"p76",33602.7411826441,1374.5203382267
"p76",35124.9031535329,6790.16348630319
"p76",39570.6354559266,10162.1865813591
"p76",46402.1530989227,5932.68426308519
"p76",52804.3988744404,5979.39769689385
"p76",59579.1238157546,7785.10609567155
"p77",29792.1660866185,2429.14320090428
"p77",29974.7086594416,1099.1632639636
"p77",31397.4856276848,5409.08796091344
"p77",33602.7411826441,4522.58319842108
"p77",35124.9031535329,2060.25419061059
"p77",36276.096267792,1230.40663876522
"p77",39570.6354559266,4545.36527231904
"p77",41264.1789728678,2977.1416322221
"p77",46402.1530989227,2148.40276525753
"p77",52804.3988744404,5568.85627427233
"p77",59579.1238157546,2769.88558478797
"p78",26462.5645115026,2539.91639707575
"p78",31397.4856276848,3807.77629195783
"p78",33602.7411826441,2144.88851058998
"p78",36276.096267792,1133.13470652462
"p78",41264.1789728678,2780.1817222393
"p78",52804.3988744404,1106.66826323356
"p79",29792.1660866185,1072.61336005847
"p79",33602.7411826441,2009.183951585
"p79",35124.9031535329,3014.50290499533
"p79",39570.6354559266,3549.98775598559
"p79",46402.1530989227,885.280869421034
"p79",52804.3988744404,1769.28139020172
"p79",59579.1238157546,2181.56849790597
"p8",11860.8806680186,2954.75860426044
"p8",13836.4855997893,2954.75860426044
"p8",14201.4852296955,3160.90455339489
"p8",14996.144345048,7133.63893417271
"p8",15135.6621050405,6765.92558705041
"p8",15841.5176804637,3332.69284434027
"p8",16216.6565071475,6324.66957050364
"p8",19855.4437353446,2301.96309866802
"p8",20201.2858900121,5515.70020683457
"p8",22188.7328871935,6607.701641534
"p8",22501.9342837872,4927.35885143889
"p8",23438.8061887125,7396.68094201567
"p8",25538.4845745045,7988.41541737693
"p8",25826.8762096713,7396.68094201567
"p8",27770.8107807832,12732.2386583972
"p8",30676.7487938659,5818.72234105233
"p80",25538.4845745045,1255.8145044818
"p80",26539.3623593754,1038.76014568248
"p80",28200.4061465827,1182.72102976077
"p80",29792.1660866185,978.300111036687
"p80",29974.7086594416,978.300111036687
"p80",31397.4856276848,2355.9565964487
"p80",33602.7411826441,3947.58026653656
"p80",35124.9031535329,6039.01861999453
"p80",36276.096267792,900.185329880493
"p80",39570.6354559266,7804.2871253064
"p80",41264.1789728678,2933.21123477611
"p80",43575.2775875602,708.145792839321
"p80",46402.1530989227,4606.18627218874
"p80",52804.3988744404,4234.47335279159
"p80",54940.7896622694,2636.07581444996
"p80",59579.1238157546,9181.09530224247
"p81",31397.4856276848,14911.8583922971
"p81",33602.7411826441,14790.7573790194
"p81",35124.9031535329,9634.04519683778
"p81",38682.6087325057,416.028811390767
"p81",39570.6354559266,6110.86565420047
"p81",41264.1789728678,2895.13422639517
"p81",43575.2775875602,2981.16016785503
"p81",45635.8770932137,4677.80690178495
"p81",46402.1530989227,7569.66987942389
"p81",52804.3988744404,15121.5942301021
"p81",54940.7896622694,6385.221316276
"p81",59579.1238157546,10798.5450365211
"p81",70988.6211709944,1447.58475156908
"p82",33602.7411826441,1092.31155063462
"p82",35124.9031535329,4931.02776713892
"p82",39570.6354559266,1520.67096459975
"p82",41264.1789728678,961.886290857355
"p82",46402.1530989227,3380.36204139931
"p82",52804.3988744404,1005.2366661137
"p82",59579.1238157546,1339.09831211023
"p83",33602.7411826441,648.029665826449
"p83",35124.9031535329,3712.44669925046
"p83",38682.6087325057,2213.68993643169
"p83",39570.6354559266,12058.6716514738
"p83",41264.1789728678,2148.17683427601
"p83",46402.1530989227,4789.64914245328
"p83",52804.3988744404,2615.00175203206
"p83",54940.7896622694,6549.13204274307
"p83",59579.1238157546,8827.27319669064
"p84",31397.4856276848,997.351567550505
"p84",33602.7411826441,890.967400345118
"p84",35124.9031535329,2183.72265244085
"p84",39570.6354559266,14868.4873423095
"p84",46402.1530989227,9184.61287868352
"p84",52804.3988744404,8511.71825270323
"p84",59579.1238157546,4995.09865216948
"p85",18872.8887883071,1644.00024835122
"p85",18945.9029233104,6593.60323419619
"p85",19453.8855852265,1340.21759376459
"p85",20176.3926602811,5617.17557664921
"p85",20731.4618909943,4411.36115642763
"p85",21650.633456713,7722.94393217723
"p85",22188.7328871935,7832.53680147815
"p85",22238.2499344693,1694.85372952788
"p85",22501.9342837872,4986.10498194177
"p85",23410.6607766783,1398.63891964817
"p85",23438.8061887125,5391.6571920966
"p85",25062.6163102187,9185.95059108457
"p85",25538.4845745045,8021.43433673456
"p85",25597.4133773693,8139.9753124905
"p85",25774.6747488849,3328.24923277034
"p85",25826.8762096713,2642.72066158598
"p85",26462.5645115026,9455.85358106357
"p85",26539.3623593754,9911.32145172771
"p85",27770.8107807832,2108.60901418961
"p85",29687.404805842,3847.13332924243
"p85",29792.1660866185,11346.5256621058
"p85",29974.7086594416,1392.52183010399
"p85",30676.7487938659,4248.3513790294
"p85",31397.4856276848,13189.8307224334
"p85",31634.8305508242,6045.60094593198
"p85",33602.7411826441,15349.5393851702
"p85",34220.8807598846,5891.5661184717
"p85",35124.9031535329,11863.1176217188
"p85",35311.5605888182,6672.88931221529
"p85",36276.096267792,8414.89981701199
"p85",38682.6087325057,2267.90722899341
"p85",39003.902179088,5041.20169653007
"p85",39570.6354559266,9065.14037001024
"p85",41264.1789728678,12006.496820887
"p85",43575.2775875602,7361.49241192409
"p85",46402.1530989227,8052.7947709708
"p85",52804.3988744404,15883.7413734028
"p85",59579.1238157546,3079.64109467524
"p86",19453.8855852265,1383.42756646557
"p86",20176.3926602811,3373.73851361873
"p86",20731.4618909943,7536.56038053405
"p86",21650.633456713,5934.33220081953
"p86",22188.7328871935,10239.4604832875
"p86",22501.9342837872,1235.86195937591
"p86",22960.798785932,2081.3512118788
"p86",23410.6607766783,2675.57892042967
"p86",23438.8061887125,1205.75211632501
"p86",25538.4845745045,2586.22519388498
"p86",25597.4133773693,11639.7580806863
"p86",25826.8762096713,3940.03650033276
"p86",30676.7487938659,9016.83833602933
"p86",35311.5605888182,9784.69507031387
"p87",20176.3926602811,1606.15530454007
"p87",20731.4618909943,1512.77418218309
"p87",21650.633456713,3654.59481480201
"p87",22188.7328871935,8552.71284025246
"p87",22238.2499344693,563.914260764187
"p87",22501.9342837872,747.543633300867
"p87",22960.798785932,1556.59665449952
"p87",23410.6607766783,9333.9711531789
"p87",23438.8061887125,7325.65910399166
"p87",25062.6163102187,17240.681875753
"p87",25538.4845745045,14916.5144457645
"p87",25597.4133773693,3695.20460609109
"p87",25774.6747488849,1529.76373383608
"p87",25826.8762096713,7038.28575409407
"p87",26462.5645115026,13639.9061295718
"p87",26539.3623593754,22767.4564152158
"p87",28200.4061465827,2496.06488116209
"p87",29687.404805842,20817.9984342441
"p87",29792.1660866185,6639.83782217535
"p87",29974.7086594416,5099.05555270637
"p87",30676.7487938659,12199.2446323807
"p87",31397.4856276848,4940.86080329665
"p87",31634.8305508242,11067.1074775018
"p87",33602.7411826441,5861.66309081448
"p87",34220.8807598846,13733.0741956179
"p87",35124.9031535329,2780.38386979124
"p87",35311.5605888182,6034.31736772653
"p87",36276.096267792,9560.47568314651
"p87",39003.902179088,17091.8038696761
"p87",39570.6354559266,4082.53331286177
"p87",41264.1789728678,8267.61892301457
"p87",43575.2775875602,3797.71319015486
"p87",46402.1530989227,2217.56920207052
"p87",52804.3988744404,2712.79654110783
"p87",59579.1238157546,747.463515631461
"p88",26462.5645115026,2182.79081739923
"p88",29974.7086594416,624.865427074875
"p88",31397.4856276848,823.163974099061
"p88",31634.8305508242,699.476224337546
"p88",33602.7411826441,4476.85375787277
"p88",34220.8807598846,550.254629812203
"p88",34466.1434073301,1906.37365272236
"p88",35124.9031535329,12374.4357629048
"p88",38682.6087325057,1167.95024909633
"p88",39003.902179088,550.254629812203
"p88",39570.6354559266,6156.66795321697
"p88",41264.1789728678,4162.26933343904
"p88",46402.1530989227,8750.34898192036
"p88",52804.3988744404,4113.39821095463
"p88",59579.1238157546,1269.5510562785
"p89",29792.1660866185,1540.91884920762
"p89",31397.4856276848,5791.82192458128
"p89",33602.7411826441,12757.3631681996
"p89",35124.9031535329,14441.7846123497
"p89",36276.096267792,1724.90915956077
"p89",39570.6354559266,13706.1835682477
"p89",41264.1789728678,8158.62852868038
"p89",43575.2775875602,1390.6973478058
"p89",46402.1530989227,12046.9669140344
"p89",52804.3988744404,8977.02256125017
"p89",54940.7896622694,834.736680088461
"p89",59579.1238157546,4897.92157596741
"p9",14100.6878591239,3285.79215729472
"p9",15135.6621050405,4683.07922728539
"p9",15841.5176804637,3934.83752169861
"p9",16216.6565071475,4475.37385099795
"p9",16750.1328152943,3193.51516542315
"p9",17221.8214234768,3042.40014564326
"p9",17465.0594027004,7051.82917951544
"p9",17581.9726739368,2073.09856290167
"p9",17756.3237655923,3053.50090218691
"p9",17781.0168917904,1737.36423773667
"p9",18872.8887883071,5570.51467079766
"p9",18945.9029233104,4244.7575404677
"p9",19453.8855852265,9096.07285221537
"p9",19731.6205770786,6229.14043369937
"p9",19855.4437353446,2549.76777314343
"p9",20201.2858900121,10753.1244878089
"p9",20731.4618909943,18336.0260469742
"p9",21650.633456713,12727.2513526362
"p9",22188.7328871935,5152.49887725751
"p9",22238.2499344693,15791.6124209821
"p9",22501.9342837872,12097.052356609
"p9",23410.6607766783,12231.0974569534
"p9",23438.8061887125,3575.64357685358
"p9",25062.6163102187,1215.37600445269
"p9",25538.4845745045,2924.18177968596
"p9",25597.4133773693,3661.47072517333
"p9",25774.6747488849,1040.98699921309
"p9",25826.8762096713,4936.139104226
"p9",26462.5645115026,9184.43390191034
"p9",26539.3623593754,6995.41606006579
"p9",27770.8107807832,4786.70956247872
"p9",28200.4061465827,11611.5423287774
"p9",29687.404805842,4694.28481094169
"p9",29792.1660866185,5223.66700883944
"p9",29974.7086594416,6618.28199453472
"p9",30676.7487938659,7776.84594169668
"p9",31397.4856276848,11513.4782962048
"p9",33602.7411826441,1590.68350973284
"p9",34220.8807598846,8563.72991960276
"p9",35124.9031535329,5452.98190302678
"p9",35311.5605888182,5792.65013468043
"p9",36276.096267792,5011.42991119043
"p9",38682.6087325057,12126.3363835019
"p9",39003.902179088,2812.83961379148
"p9",39570.6354559266,11775.1168958742
"p9",41264.1789728678,2058.05292120381
"p9",43575.2775875602,9404.8724671594
"p9",45635.8770932137,961.391826332854
"p9",46402.1530989227,7855.88183352306
"p9",52804.3988744404,6834.06805755346
"p9",54940.7896622694,570.149544395544
"p9",59579.1238157546,2318.80105030396
"p9",70988.6211709944,2122.67191203832
"p90",25538.4845745045,4986.58740620355
"p90",28200.4061465827,3486.99824689921
"p90",28718.0619120455,1968.91254490055
"p90",29792.1660866185,2884.30719187959
"p90",29974.7086594416,2235.88373742944
"p90",33602.7411826441,5622.166661759
"p90",34220.8807598846,4203.20539995207
"p90",35124.9031535329,9209.80673861304
"p90",39003.902179088,1968.91254490055
"p90",39570.6354559266,17845.7737889179
"p90",41264.1789728678,7435.62742849066
"p90",46402.1530989227,8115.65663051998
"p90",52804.3988744404,4780.34029903795
"p90",54940.7896622694,12550.6742356488
"p90",59579.1238157546,16987.8569756144
"p90",70988.6211709944,934.688029789648
"p91",23410.6607766783,1301.01722791872
"p91",26462.5645115026,6109.55524558304
"p91",26539.3623593754,1013.58318919249
"p91",31634.8305508242,1620.3929983404
"p91",33602.7411826441,4671.79263938236
"p91",34220.8807598846,892.558330781446
"p91",35124.9031535329,5065.61640725115
"p91",39570.6354559266,2602.91131714216
"p91",41264.1789728678,1274.70915869444
"p91",45635.8770932137,1460.90121193474
"p91",46402.1530989227,1460.90121193474
"p91",52804.3988744404,3518.42211568587
"p91",54940.7896622694,746.187394229528
"p91",59579.1238157546,746.187394229528
"p92",31397.4856276848,1000.15393576546
"p92",33602.7411826441,2119.00837116233
"p92",35124.9031535329,9014.30271520893
"p92",38682.6087325057,2694.75314405456
"p92",39570.6354559266,23939.4260904659
"p92",41264.1789728678,2576.53551725726
"p92",45635.8770932137,2005.7093460568
"p92",46402.1530989227,4324.07289795893
"p92",52804.3988744404,5138.5252364226
"p92",54940.7896622694,21442.841616528
"p92",59579.1238157546,16961.8771544123
"p92",70988.6211709944,8184.33620126748
"p93",35124.9031535329,1836.34347718406
"p93",38682.6087325057,476.40741164587
"p93",39570.6354559266,3248.31949419098
"p93",45635.8770932137,690.373621777318
"p93",46402.1530989227,834.700755124712
"p93",52804.3988744404,1732.66672320382
"p93",54940.7896622694,2551.34719229738
"p93",59579.1238157546,809.180939253747
"p93",70988.6211709944,4725.53938761364
"p94",29974.7086594416,787.268038018875
"p94",31397.4856276848,7823.67438300531
"p94",33602.7411826441,9950.50150416417
"p94",34466.1434073301,465.263276878122
"p94",35124.9031535329,24455.9773866
"p94",39570.6354559266,38503.3772850739
"p94",41264.1789728678,3620.16695123053
"p94",43575.2775875602,1161.77098815719
"p94",45635.8770932137,953.162674635632
"p94",46402.1530989227,26038.3706127898
"p94",52804.3988744404,24773.0554671032
"p94",54940.7896622694,16002.3401821772
"p94",59579.1238157546,33327.2391166076
"p94",70988.6211709944,4395.21035826922
"p95",31397.4856276848,724.006384935357
"p95",33602.7411826441,646.779037208919
"p95",35124.9031535329,2373.31945150151
"p95",38682.6087325057,674.530560145981
"p95",39570.6354559266,3925.216503391
"p95",41264.1789728678,569.551689482481
"p95",46402.1530989227,1415.40746431058
"p95",52804.3988744404,674.530560145981
"p95",54940.7896622694,4970.46968846639
"p95",59579.1238157546,4707.82527550527
"p96",29792.1660866185,6813.77263277881
"p96",29974.7086594416,1334.40725674036
"p96",31397.4856276848,12065.005480175
"p96",33602.7411826441,9842.00209637501
"p96",34466.1434073301,1753.20115426292
"p96",35124.9031535329,14902.1163323975
"p96",36276.096267792,5108.34355597419
"p96",39570.6354559266,6222.81022191277
"p96",41264.1789728678,9020.9645967597
"p96",43575.2775875602,1780.86462758397
"p96",46402.1530989227,7929.21642459214
"p96",52804.3988744404,15685.6383315939
"p96",59579.1238157546,3630.32003946588
"p97",54940.7896622694,5238.14420336744
"p97",59579.1238157546,1454.98059748184
"p97",70988.6211709944,20924.2525582499
"p98",18872.8887883071,299.555596917083
"p98",25826.8762096713,244.202932269361
"p98",29687.404805842,2436.96453028855
"p98",29792.1660866185,5275.11822601242
"p98",31397.4856276848,6361.06687873214
"p98",31634.8305508242,947.172276124204
"p98",33602.7411826441,4618.75889958085
"p98",35124.9031535329,13049.0552585959
"p98",36276.096267792,3578.12528154253
"p98",38682.6087325057,679.48218189175
"p98",39570.6354559266,17888.1813289857
"p98",41264.1789728678,8479.13497869664
"p98",46402.1530989227,13282.9379238649
"p98",52804.3988744404,4514.91257714819
"p98",54940.7896622694,4131.89207271898
"p98",59579.1238157546,13920.3768134114
"p98",70988.6211709944,2548.28799604953
"p99",25826.8762096713,710.391886630088
"p99",26462.5645115026,3979.15631087387
"p99",29792.1660866185,2476.27032320455
"p99",29974.7086594416,736.788697801867
"p99",31397.4856276848,6775.707886843
"p99",31634.8305508242,1762.91384771021
"p99",33602.7411826441,8597.75136545444
"p99",34220.8807598846,602.647279401316
"p99",35124.9031535329,9180.85297937534
"p99",36276.096267792,3555.10194345676
"p99",39570.6354559266,3873.70390825915
"p99",41264.1789728678,2557.89314392918
"p99",43575.2775875602,1583.45968632024
"p99",45635.8770932137,1773.76135855897
"p99",46402.1530989227,3471.09092978018
"p99",52804.3988744404,7598.96844400415
"p99",54940.7896622694,6551.86502430902
"p99",59579.1238157546,5483.32115568288
"p99",70988.6211709944,6631.04614865364
